Dataset,Timestamp,Gender,Age,College,College_Status,Which of the following social networking website are you a member of? (Check all that apply),Facebook,LinkedIn,Twitter,Youtube,Instagram,Pinterest,Tumblr,Reddit,Snapchat,Other_SM_TEXT,no_memberSM,Please indicate what information you include on your social networking sites,e-mail,Hometown,Mobile_Number,Photos_of_you_or_your_family,Politiacal_Views,Relationship_Staus,Sexual_Orientation,Other_information,How often do you check your social media profile?,Time,benevolence,integrity,competence,identification,concern,Trust_B1,Trust_B2,Trust_B3,Trust_B4,Trust_B5,Trust_Integrity1,Trust_Integrity2,Trust_Integrity3,Trust_Integrity4,Trust_Integrity5,Trust_Competence1,Trust_Competence2,Trust_Competence3,Trust_Competence4,Trust_Competence5,Trust_Identification1,Trust_Identification2,Trust_Identification3,Trust_Identification4,Trust_Identification5,Trust_Concern1,Trust_Concern2,Trust_Concern3,Trust_Concern4,Trust_Concern5,Shared_data
3,10/25/2020 20:53:41,1,18,GLC Bombay,2,"Youtube, Instagram, Pinterest",0,0,0,1,1,1,0,0,0,,0,None of these,0,0,0,0,0,0,0,,Hourly,2,1.8,1.8,1,1.2,1,4,3,4,5,5,4,5,5,3,4,5,5,5,5,5,5,4,5,5,5,5,5,5,5,5,0
1,10/24/2020 21:22:29,1,19,ISI Banglore,2,Reddit,0,0,0,0,0,0,0,1,0,,0,I share none of these,0,0,0,0,0,0,0,,Couple of Hours,3,3.2,2.4,3.4,2.8,3.2,2,2,3,4,3,3,4,5,2,4,2,4,2,3,2,3,4,4,4,1,2,1,4,3,4,0
3,10/25/2020 20:01:37,1,19,IIT ,2,"Facebook, LinkedIn, Youtube, Instagram",1,1,0,1,1,0,0,0,0,,0,None of these,0,0,0,0,0,0,0,,More than hourly,1,2.6,3.2,2.4,3,3,4,3,3,3,4,3,3,4,1,3,5,4,3,3,3,2,3,4,3,3,3,3,3,3,3,0
3,10/25/2020 22:27:22,2,19,"IIIT, Nagpur ",2,"LinkedIn, Youtube, Instagram",0,1,0,1,1,0,0,0,0,,0,None of these,0,0,0,0,0,0,0,,Daily,5,2.6,2.6,2.2,2.4,3.6,3,3,4,3,4,3,4,4,3,3,4,4,3,4,4,3,3,4,4,4,3,3,2,3,1,0
2,10/25/2020 19:37:39,2,18,,1,"Twitter, Instagram, Pinterest, Snapchat",0,0,1,0,1,1,0,0,1,,0,Photos of you or your family,0,0,0,1,0,0,0,,Few times a day,4,3.6,3.6,4.4,4,4,2,2,3,2,3,2,3,3,2,2,2,2,1,2,1,2,1,2,3,2,3,2,1,2,2,1
1,10/24/2020 21:27:49,1,19,ISI Banglore,2,"Youtube, Instagram",0,0,0,1,1,0,0,0,0,,0,Photos of you or your family,0,0,0,1,0,0,0,,Few times a day,4,2.6,2.6,3.2,3,3.8,4,4,4,3,2,4,4,3,3,3,2,4,3,3,2,2,4,3,4,2,3,2,2,2,2,1
1,10/24/2020 21:48:39,1,19,ISI Banglore,2,"Youtube, Instagram",0,0,0,1,1,0,0,0,0,,0,Photos of you or your family,0,0,0,1,0,0,0,,Few times a day,4,2.6,2.6,3.2,3.2,3.8,4,4,4,3,2,4,4,3,3,3,2,4,3,3,2,2,3,3,4,2,3,2,2,2,2,1
1,10/24/2020 17:28:36,2,19,ISI Banglore,3,"Facebook, LinkedIn, Twitter, Youtube, Instagram, Pinterest, Reddit, Snapchat",1,1,1,1,1,1,0,1,1,,0,Email address,1,0,0,0,0,0,0,,Few times a day,4,3.6,3.2,3.4,3.4,3.4,2,2,2,3,3,3,2,3,3,3,2,3,2,3,3,2,2,3,3,3,3,3,3,2,2,1
1,10/24/2020 20:12:45,2,19,ISI Banglore,2,"Youtube, Instagram",0,0,0,1,1,0,0,0,0,,0,Political Views,0,0,0,0,1,0,0,,Daily,5,3.8,3.4,3.2,2.6,2.8,1,2,3,2,3,4,3,2,2,2,3,3,2,4,2,4,4,3,3,3,5,2,5,3,1,1
1,10/25/2020 16:31:40,2,19,ISI Banglore,3,Reddit,0,0,0,0,0,0,0,1,0,,0,Email address,1,0,0,0,0,0,0,,Few times a day,4,4,3.6,4.2,3.4,3.8,2,3,2,2,1,2,3,2,3,2,2,3,1,2,1,2,4,2,3,2,2,2,4,1,2,1
2,10/25/2020 20:50:17,2,19,,2,"Facebook, LinkedIn, Youtube, Instagram, WhatsApp",1,1,0,1,1,0,0,0,0,WhatsApp,0,Email address,1,0,0,0,0,0,0,,Couple of Hours,3,3.8,3.4,3.6,3,4,1,1,2,3,4,4,3,2,2,2,3,3,2,2,2,2,5,3,2,3,3,2,1,2,2,1
4,10/28/2020 10:46:20,2,19,"Vellore Institute of Technology, Vellore",2,"LinkedIn, Youtube, Instagram, Pinterest, Snapchat",0,1,0,1,1,1,0,0,1,,0,Photos of you or your family,0,0,0,1,0,0,0,,Few times a day,4,3.8,3.6,3.2,3.2,2.6,4,2,1,2,2,2,2,2,3,3,4,2,4,3,4,4,3,4,3,4,3,4,3,4,3,1
1,10/24/2020 20:11:26,2,20,ISI Banglore,2,"LinkedIn, Youtube, Instagram, Pinterest",0,1,0,1,1,1,0,0,0,,0,Photos of you or your family,0,0,0,1,0,0,0,,Few times a day,4,3.6,3.2,2.4,3,3,2,2,2,3,3,2,3,3,3,3,4,3,4,4,3,4,3,2,3,3,4,1,4,2,4,1
3,10/25/2020 22:10:59,2,20,NIFT Bhubaneshwar,3,"Facebook, LinkedIn, Twitter, Youtube, Instagram, Pinterest, Snapchat, Weverse",1,1,1,1,1,1,0,0,1,Weverse,0,Hometown/City,0,1,0,0,0,0,0,,Few times a day,4,2.8,2.2,2.8,3,3,4,3,3,4,2,5,4,3,4,3,3,4,2,3,4,3,5,1,4,2,4,1,5,3,2,1
3,10/25/2020 21:52:40,1,21,Jamia Millia Islamia,4,"Facebook, LinkedIn, Twitter, Youtube, Instagram, Reddit",1,1,1,1,1,0,0,1,0,,0,Photos of you or your family,0,0,0,1,0,0,0,,Few times a day,4,1.8,1.8,2.4,2.6,2.6,4,4,5,4,4,5,4,5,4,3,4,4,4,4,2,4,3,3,3,4,4,3,3,4,3,1
1,10/24/2020 17:27:00,1,22,ISI Banglore,5,Reddit,0,0,0,0,0,0,0,1,0,,0,Email address,1,0,0,0,0,0,0,,Couple of Hours,3,2.8,3.4,2.8,2.4,1.4,4,3,4,1,4,2,2,2,4,3,4,3,4,2,3,4,4,4,2,4,4,4,5,5,5,1
2,10/25/2020 18:59:40,2,17,,1,"Twitter, Youtube, Instagram, Pinterest",0,0,1,1,1,1,0,0,0,,0,"Email address, Photos of you or your family",1,0,0,1,0,0,0,,More than hourly,1,3,3.2,3,2.6,2.6,3,3,2,4,3,3,3,2,3,3,2,2,3,4,4,3,3,4,4,3,4,3,3,3,4,2
1,10/24/2020 18:46:28,1,18,ISI Banglore,2,"Facebook, Youtube",1,0,0,1,0,0,0,0,0,,0,"Email address, Mobile Number",1,0,1,0,0,0,0,,Daily,5,2.2,2.4,3.4,3.4,3,4,2,5,3,5,4,4,3,3,4,3,3,2,2,3,3,2,3,3,2,2,3,3,3,4,2
2,10/25/2020 19:00:42,1,18,,1,"Twitter, Youtube, Instagram, Snapchat",0,0,1,1,1,0,0,0,1,,0,"Email address, Mobile Number",1,0,1,0,0,0,0,,More than hourly,1,3.8,3.6,3.8,3.8,3.2,2,2,2,3,2,2,2,4,2,2,3,3,1,2,2,2,2,2,3,2,4,2,2,3,3,2
2,10/25/2020 19:50:57,1,18,,2,"Facebook, LinkedIn, Twitter, Youtube, Instagram, Reddit",1,1,1,1,1,0,0,1,0,,0,"Email address, Mobile Number",1,0,1,0,0,0,0,,More than hourly,1,3.6,4.2,3.2,3,2.2,2,1,2,3,4,1,1,1,5,1,4,1,4,1,4,5,3,3,2,2,1,4,5,5,4,2
3,10/25/2020 19:44:40,1,19,,2,"Facebook, Twitter, Youtube, Instagram, Reddit",1,0,1,1,1,0,0,1,0,,0,"Photos of you or your family, Sexual orientation",0,0,0,1,0,0,1,,Few times a day,4,3.2,2,3,2.2,2.2,3,4,2,2,3,3,4,4,5,4,4,2,2,3,4,4,3,4,4,4,2,5,2,5,5,2
3,10/25/2020 20:04:14,1,19,"Saint Francis De Sales, Nagpur",2,"Youtube, Instagram",0,0,0,1,1,0,0,0,0,,0,"Email address, Mobile Number",1,0,1,0,0,0,0,,Few times a day,4,3.2,3.6,3.4,3.4,3.8,2,2,4,2,4,2,4,2,2,2,2,3,3,3,2,3,2,2,4,2,2,3,2,2,2,2
3,10/25/2020 20:20:59,1,19,BITS,2,"LinkedIn, Instagram",0,1,0,0,1,0,0,0,0,,0,"Hometown/City, Photos of you or your family",0,1,0,1,0,0,0,,Daily,5,1.6,1.8,2.2,2.4,2.2,5,5,4,4,4,4,5,4,4,4,4,3,5,4,3,4,3,4,3,4,3,4,3,4,5,2
2,10/25/2020 19:21:47,2,19,,1,"Youtube, Instagram",0,0,0,1,1,0,0,0,0,,0,"Email address, Photos of you or your family",1,0,0,1,0,0,0,,Couple of Hours,3,3.6,3,2.6,3,2.6,2,4,1,3,2,2,3,4,2,4,2,4,3,4,4,3,2,4,2,4,4,4,2,4,3,2
3,10/25/2020 23:27:19,2,19,,2,"Facebook, LinkedIn, Twitter, Youtube, Instagram, Pinterest, Tumblr, Reddit",1,1,1,1,1,1,1,1,0,,0,"Email address, Mobile Number",1,0,1,0,0,0,0,,Few times a day,4,1.6,1.6,2.6,2.2,1.8,5,5,5,4,3,4,4,5,5,4,3,3,4,4,3,3,5,3,4,4,4,4,4,4,5,2
3,10/26/2020 9:39:58,2,19,MIT- World Peace University,2,"Facebook, LinkedIn, Youtube, Instagram, Pinterest",1,1,0,1,1,1,0,0,0,,0,"Email address, Photos of you or your family",1,0,0,1,0,0,0,,Weekly,6,3.4,2.8,3.2,2.6,3.8,2,2,2,4,3,4,3,3,3,3,3,3,2,3,3,3,5,3,3,3,3,2,2,2,2,2
1,10/24/2020 19:06:18,1,20,ISI Banglore,2,"Facebook, Youtube",1,0,0,1,0,0,0,0,0,,0,"Hometown/City, Mobile Number",0,1,1,0,0,0,0,,Few times a day,4,2.6,2.6,3.6,2.2,2.8,3,3,4,3,4,3,3,4,3,4,3,2,2,2,3,4,4,4,4,3,3,3,4,3,3,2
1,10/25/2020 15:29:14,1,20,ISI Banglore,3,"Facebook, Youtube, Reddit",1,0,0,1,0,0,0,1,0,,0,"Email address, Hometown/City",1,1,0,0,0,0,0,,Daily,5,3.8,3.2,2.8,2.6,3.2,1,2,2,2,4,4,2,3,2,3,4,4,2,2,4,4,2,4,4,3,2,4,2,4,2,2
2,10/25/2020 19:12:48,1,20,,2,"Facebook, Twitter, Youtube, Instagram",1,0,1,1,1,0,0,0,0,,0,"Email address, Mobile Number",1,0,1,0,0,0,0,,Few times a day,4,3.4,3.8,3.8,4.4,3.8,3,3,2,2,3,2,2,2,2,3,1,4,2,3,1,1,1,2,2,2,3,3,1,2,2,2
3,10/25/2020 20:24:19,2,20,NIFT Bhubaneshwar,3,"Facebook, Twitter, Youtube, Instagram, Pinterest, Snapchat",1,0,1,1,1,1,0,0,1,,0,"Hometown/City, Photos of you or your family",0,1,0,1,0,0,0,,More than hourly,1,2.2,1.8,3,2.8,3,3,3,4,5,4,5,4,4,4,4,3,3,2,3,4,3,3,4,3,3,3,3,3,4,2,2
4,10/28/2020 12:02:23,2,20,"SOA,RIT",2,"Youtube, Instagram, Pinterest",0,0,0,1,1,1,0,0,0,,0,"Email address, Mobile Number",1,0,1,0,0,0,0,,Couple of Hours,3,3,3.4,3.6,3.6,3.6,3,2,4,2,4,4,3,2,2,2,3,3,1,3,2,2,3,2,3,2,4,2,2,2,2,2
2,10/25/2020 20:01:01,2,17,,1,"Youtube, Instagram, Snapchat",0,0,0,1,1,0,0,0,1,,0,"Hometown/City, Photos of you or your family, Political views",0,1,0,1,1,0,0,,Hourly,2,1.4,1.8,1.6,1.8,1.2,5,4,5,4,5,4,4,4,4,5,4,4,5,5,4,4,3,5,4,5,5,5,5,5,4,3
1,10/24/2020 17:34:27,1,18,ISI Banglore,2,"Facebook, Youtube, Instagram",1,0,0,1,1,0,0,0,0,,0,"Email address, Hometown/City, Mobile Number",1,1,1,0,0,0,0,,Weekly,6,3.6,4,4.4,4,3.8,3,3,2,2,2,3,2,1,2,2,1,3,1,2,1,2,1,2,4,1,4,1,2,2,2,3
1,10/24/2020 18:00:22,1,18,ISI Banglore,2,"Facebook, Youtube, Instagram",1,0,0,1,1,0,0,0,0,,0,"Email address, Hometown/City, Mobile Number",1,1,1,0,0,0,0,,Monthly,7,2.4,2.4,2.6,2,2,5,3,4,3,3,3,3,4,4,4,4,3,3,2,5,5,4,4,3,4,3,4,4,4,5,3
3,10/25/2020 20:53:48,1,18,"Shivaji Science College, Nagpur",2,"Facebook, Twitter, Youtube, Instagram",1,0,1,1,1,0,0,0,0,,0,"Hometown/City, Photos of you or your family, Political views",0,1,0,1,1,0,0,,Hourly,2,2.8,3,3.6,3,3.2,4,3,2,3,4,4,3,4,2,2,4,2,2,2,2,2,4,2,5,2,4,1,4,1,4,3
3,10/25/2020 19:47:13,2,18,Srishti Manipal University,1,"Twitter, Youtube, Instagram, Pinterest, Snapchat",0,0,1,1,1,1,0,0,1,,0,"Email address, Mobile Number, Photos of you or your family",1,0,1,1,0,0,0,,Weekly,6,2.8,2.8,3.6,2.2,3,2,3,4,3,4,3,3,4,2,4,3,2,2,2,3,4,4,4,3,4,2,4,4,3,2,3
3,10/25/2020 21:34:15,2,18,"KNC, DU ",1,"Instagram, Pinterest, Tumblr",0,0,0,0,1,1,1,0,0,,0,"Email address, Mobile Number, Photos of you or your family",1,0,1,1,0,0,0,,Few times a day,4,3,2.2,2.4,3.6,4.2,3,2,5,3,2,4,5,5,2,3,2,5,3,5,3,3,2,2,3,2,3,2,2,1,1,3
1,10/24/2020 19:15:32,1,19,ISI Banglore,2,"Facebook, LinkedIn, Youtube",1,1,0,1,0,0,0,0,0,,0,"Email address, Hometown/City, Mobile Number",1,1,1,0,0,0,0,,Daily,5,3.6,3.8,4,3.4,4.4,2,3,3,1,3,3,3,3,1,1,3,3,1,1,2,2,3,3,3,2,2,2,1,2,1,3
3,10/25/2020 19:50:33,1,19,IIT Delhi,2,"Facebook, Youtube, Instagram, Pinterest",1,0,0,1,1,1,0,0,0,,0,"Email address, Hometown/City, Photos of you or your family",1,1,0,1,0,0,0,,Few times a day,4,2,2.2,2.4,3.4,3.2,4,4,3,4,5,3,4,3,4,5,4,3,4,3,4,2,3,2,3,3,3,2,3,4,2,3
2,10/25/2020 19:57:11,1,19,,2,"Facebook, Instagram",1,0,0,0,1,0,0,0,0,,0,"Email address, Mobile Number, Photos of you or your family",1,0,1,1,0,0,0,,Few times a day,4,3.2,3.6,3.8,3.4,3.4,3,3,3,3,2,3,3,2,2,2,2,3,2,2,2,2,3,3,3,2,2,2,3,2,4,3
2,10/25/2020 20:01:16,1,19,,2,"Facebook, LinkedIn, Youtube, Instagram",1,1,0,1,1,0,0,0,0,,0,"Email address, Hometown/City, Photos of you or your family",1,1,0,1,0,0,0,,More than hourly,1,2.6,3.2,3.8,3.2,3.4,3,4,4,3,3,3,4,3,2,2,2,3,1,3,2,3,3,2,4,2,2,2,4,2,3,3
3,10/25/2020 20:15:18,1,19,SVNIT,2,"Facebook, LinkedIn, Instagram, Snapchat",1,1,0,0,1,0,0,0,1,,0,"Hometown/City, Photos of you or your family, Sexual orientation",0,1,0,1,0,0,1,,Monthly,7,2.8,3.2,3.2,3.2,3.6,4,3,5,2,2,4,2,2,3,3,3,4,2,2,3,2,2,4,4,2,3,2,2,2,3,3
2,10/25/2020 20:16:08,1,19,,1,"Youtube, Instagram, Reddit, Snapchat",0,0,0,1,1,0,0,1,1,,0,"Email address, Mobile Number, Sexual orientation",1,0,1,0,0,0,1,,Few times a day,4,2.8,3.4,3.4,2.8,3.8,3,3,4,3,3,4,3,3,1,2,2,2,3,4,2,2,2,5,5,2,2,2,2,3,2,3
2,10/25/2020 20:40:27,1,19,,3,"Facebook, Youtube, Instagram",1,0,0,1,1,0,0,0,0,,0,"Email address, Hometown/City, Photos of you or your family",1,1,0,1,0,0,0,,More than hourly,1,2,3,2.2,2.8,3,5,4,4,3,4,3,3,3,3,3,4,4,3,4,4,3,3,4,4,2,4,3,4,3,1,3
3,10/25/2020 21:24:32,1,19,IIT Bombay,2,"Facebook, LinkedIn, Twitter, Youtube, Instagram, Reddit, Quora",1,1,1,1,1,0,0,1,0,Quora,0,"Email address, Photos of you or your family, Political views",1,0,0,1,1,0,0,,Hourly,2,2.8,2.8,1.8,2.2,2.6,2,3,3,3,5,3,4,3,3,3,5,5,3,5,3,3,4,4,4,4,4,4,2,4,3,3
3,10/25/2020 22:14:38,1,19,BITS Pilani,2,"Facebook, LinkedIn, Youtube",1,1,0,1,0,0,0,0,0,,0,"Email address, Hometown/City, Mobile Number",1,1,1,0,0,0,0,,Couple of Hours,3,3,3.6,5,3.8,4,3,4,5,1,2,3,3,2,2,2,1,1,1,1,1,1,2,2,3,3,3,2,2,1,2,3
2,10/25/2020 22:56:51,1,19,,2,"Facebook, Youtube, Instagram, Reddit, Discord",1,0,0,1,1,0,0,1,0,,0,"Hometown/City, Photos of you or your family, Sexual orientation",0,1,0,1,0,0,1,,More than hourly,1,3.4,4,2.2,2,2.4,4,3,3,1,2,2,2,2,2,2,4,3,4,4,4,4,4,4,4,4,3,4,4,4,3,3
3,10/26/2020 15:11:48,1,19,"Hislop College, Nagpur",2,"Facebook, LinkedIn, Twitter, Youtube, Instagram, Reddit",1,1,1,1,1,0,0,1,0,,0,"Email address, Hometown/City, Photos of you or your family",1,1,0,1,0,0,0,,Couple of Hours,3,2.4,3,2.8,3.2,3,4,4,3,3,4,4,4,3,2,2,4,3,3,3,3,4,2,3,3,2,3,2,2,4,4,3
2,10/25/2020 19:06:44,2,19,,1,"Facebook, Twitter, Youtube, Instagram, Reddit",1,0,1,1,1,0,0,1,0,,0,"Email address, Photos of you or your family, Relationship Status",1,0,0,1,0,1,0,,Few times a day,4,3.4,2.6,2,1.8,1.8,2,2,2,3,4,2,4,4,4,3,4,5,2,5,4,2,5,5,5,4,5,4,5,4,3,3
4,10/27/2020 22:29:02,2,19,UGA,2,"Facebook, LinkedIn, Youtube, Instagram, Pinterest, Snapchat",1,1,0,1,1,1,0,0,1,,0,"Email address, Hometown/City, Photos of you or your family",1,1,0,1,0,0,0,,More than hourly,1,2.8,1.8,1.8,1.8,3,2,3,2,5,4,4,4,5,4,4,4,4,5,4,4,3,4,5,5,3,3,3,3,4,2,3
4,10/28/2020 0:35:25,2,19,IIT Kanpur,2,"Facebook, Youtube, Instagram",1,0,0,1,1,0,0,0,0,,0,"Email address, Mobile Number, Photos of you or your family",1,0,1,1,0,0,0,,Daily,5,3.6,4,4,4,2,3,3,2,2,2,2,2,2,2,2,2,2,3,3,3,2,4,4,4,4,4,4,4,4,4,3
4,10/28/2020 0:41:38,2,19,Amity University Madhya Pradesh,1,"Facebook, Youtube, Instagram, Pinterest",1,0,0,1,1,1,0,0,0,,0,"Email address, Hometown/City, Photos of you or your family",1,1,0,1,0,0,0,,Few times a day,4,3.4,3,3.2,3.4,3.8,2,2,3,4,2,3,3,4,2,3,2,2,1,3,2,1,5,2,4,1,2,1,5,1,2,3
4,10/28/2020 10:22:50,2,19,Vellore institute of technology,2,"LinkedIn, Youtube, Instagram, Reddit, Snapchat",0,1,0,1,1,0,0,1,1,,0,"Email address, Hometown/City, Photos of you or your family",1,1,0,1,0,0,0,,Few times a day,4,2.2,2.4,2.4,2.2,3.6,3,3,4,4,5,4,4,3,3,4,4,5,3,4,3,3,5,3,3,2,2,3,3,2,2,3
1,10/24/2020 19:00:01,1,20,ISI Banglore,2,"Youtube, Instagram",0,0,0,1,1,0,0,0,0,,0,"Email address, Hometown/City, Mobile Number",1,1,1,0,0,0,0,,Few times a day,4,3.2,2.2,3.8,3.4,2.2,2,3,2,4,3,4,4,3,4,4,2,2,2,4,1,3,2,3,3,2,2,2,5,5,5,3
1,10/24/2020 19:00:04,1,20,ISI Banglore,2,"Youtube, Instagram",0,0,0,1,1,0,0,0,0,,0,"Email address, Hometown/City, Mobile Number",1,1,1,0,0,0,0,,Few times a day,4,3.2,2.2,3.8,2.8,2.2,2,3,2,4,3,4,4,3,4,4,2,2,2,4,1,3,5,3,3,2,2,2,5,5,5,3
2,10/25/2020 20:02:31,1,20,,2,"Facebook, LinkedIn, Twitter, Youtube, Instagram, Pinterest, Reddit",1,1,1,1,1,1,0,1,0,,0,"Email address, Hometown/City, Photos of you or your family",1,1,0,1,0,0,0,,Couple of Hours,3,2.8,3.2,2.4,2.8,2.6,4,4,3,2,3,3,3,2,3,3,3,3,4,4,4,3,3,3,3,4,3,4,3,4,3,3
3,10/25/2020 23:20:09,1,20,IIIT NAGPUR ,2,"Facebook, LinkedIn, Twitter, Youtube, Instagram, Pinterest",1,1,1,1,1,1,0,0,0,,0,"Email address, Hometown/City, Mobile Number",1,1,1,0,0,0,0,,Weekly,6,2,2.8,1.8,1.6,1.6,5,5,3,4,3,3,2,2,4,5,4,4,4,4,5,4,5,4,4,5,4,4,4,5,5,3
1,10/24/2020 18:58:40,2,20,ISI Banglore,3,"Facebook, Youtube, Instagram, Pinterest, WhatsApp",1,0,0,1,1,1,0,0,0,WhatsApp,0,"Email address, Hometown/City, Photos of you or your family",1,1,0,1,0,0,0,,Weekly,6,2.2,2.6,3.4,3.2,1.8,4,2,4,4,5,2,2,3,5,5,3,4,1,1,4,4,3,2,3,2,5,4,4,4,4,3
3,10/25/2020 21:04:33,2,20,,3,"Facebook, Instagram",1,0,0,0,1,0,0,0,0,,0,"Email address, Mobile Number, Photos of you or your family",1,0,1,1,0,0,0,,Few times a day,4,4,4.2,3.8,3,2.2,3,2,2,1,2,2,1,2,1,3,2,2,3,2,2,2,5,2,3,3,3,4,4,4,4,3
3,10/25/2020 22:20:44,2,20,NIFT Bhubaneshwar,3,"LinkedIn, Instagram",0,1,0,0,1,0,0,0,0,,0,"Email address, Photos of you or your family, Sexual orientation",1,0,0,1,0,0,1,,Few times a day,4,2.8,3.4,3,3.2,3,3,3,3,3,4,2,3,3,3,2,3,2,3,3,4,3,3,3,1,4,2,4,3,4,2,3
3,10/26/2020 11:47:16,2,20,NIFT Bhubaneshwar,2,"Facebook, LinkedIn, Youtube, Instagram, Pinterest, Snapchat",1,1,0,1,1,1,0,0,1,,0,"Email address, Hometown/City, Mobile Number",1,1,1,0,0,0,0,,Few times a day,4,3.2,2.4,2.6,1.6,3.2,3,3,2,2,4,4,3,3,4,4,4,3,3,3,4,5,5,5,3,4,2,3,3,4,2,3
2,10/25/2020 20:15:58,1,21,,3,"Facebook, LinkedIn, Youtube",1,1,0,1,0,0,0,0,0,,0,"Email address, Mobile Number, Photos of you or your family",1,0,1,1,0,0,0,,Monthly,7,3.8,3.6,3.4,2.8,2.8,2,2,2,3,2,2,2,2,3,3,2,3,2,3,3,3,4,2,4,3,4,3,4,3,2,3
3,10/25/2020 21:25:04,1,21,NIFT Bhubaneshwar,3,"Facebook, LinkedIn, Twitter, Youtube, Instagram, Pinterest",1,1,1,1,1,1,0,0,0,,0,"Email address, Hometown/City, Mobile Number",1,1,1,0,0,0,0,,Few times a day,4,2.4,3.6,3.2,3,3.2,5,4,4,1,4,2,3,1,1,5,1,4,4,1,4,2,4,3,3,3,3,2,3,2,4,3
3,10/25/2020 19:56:53,2,21,School of environmental design and architecture ,4,"Youtube, Instagram, Pinterest, Snapchat",0,0,0,1,1,1,0,0,1,,0,"Email address, Mobile Number, Photos of you or your family",1,0,1,1,0,0,0,,Couple of Hours,3,3.2,2.8,3,3,3.2,3,2,3,3,3,4,3,4,3,2,4,4,2,2,3,2,3,4,3,3,3,2,2,4,3,3
1,10/24/2020 17:26:19,1,22,ISI Banglore,5,"Facebook, Twitter, Youtube, Instagram, Reddit",1,0,1,1,1,0,0,1,0,,0,"Hometown/City, Photos of you or your family, Political Views",0,1,0,1,1,0,0,,Daily,5,4,4.2,3,3,2.8,2,2,1,2,3,1,2,2,2,2,4,2,4,1,4,3,3,2,3,4,3,4,3,3,3,3
1,10/24/2020 18:15:44,1,23,ISI Banglore,5,"Facebook, LinkedIn, Twitter, Youtube, Instagram, Reddit",1,1,1,1,1,0,0,1,0,,0,"Email address, Hometown/City, Photos of you or your family",1,1,0,1,0,0,0,,Couple of Hours,3,2,2.2,2.2,2.8,3,3,4,4,5,4,4,3,5,3,4,4,5,3,4,3,2,4,4,4,2,3,2,4,2,4,3
4,10/27/2020 22:22:30,1,23,University of Sunderland,5,"Facebook, LinkedIn, Twitter, Youtube, Instagram, Pinterest, Reddit, Snapchat",1,1,1,1,1,1,0,1,1,,0,"Email address, Mobile Number, Photos of you or your family",1,0,1,1,0,0,0,,More than hourly,1,2.6,2.6,2.8,2.8,2.2,4,4,3,3,3,4,3,4,3,3,3,3,3,3,3,4,4,3,3,3,3,4,4,4,4,3
2,10/25/2020 18:58:24,1,18,,2,"Facebook, Youtube, Instagram",1,0,0,1,1,0,0,0,0,,0,"Email address, Hometown/City, Mobile Number, Photos of you or your family",1,1,1,1,0,0,0,,More than hourly,1,2,1.8,2.6,2.8,4,2,5,5,4,4,4,5,3,4,5,4,5,2,4,2,2,5,2,5,2,3,2,1,3,1,4
2,10/25/2020 19:18:11,1,18,,1,"Facebook, LinkedIn, Twitter, Youtube, Instagram",1,1,1,1,1,0,0,0,0,,0,"Email address, Hometown/City, Mobile Number, Photos of you or your family",1,1,1,1,0,0,0,,Couple of Hours,3,3,3,3.4,3.8,4.2,3,3,3,3,3,3,3,3,2,4,3,3,2,3,2,2,1,3,3,2,3,2,1,2,1,4
4,10/27/2020 22:42:37,1,18,IIT Delhi,2,"Facebook, Youtube, Instagram",1,0,0,1,1,0,0,0,0,,0,"Email address, Mobile Number, Photos of you or your family, Sexual orientation",1,0,1,1,0,0,1,,Few times a day,4,3,3.4,3.2,2.8,2,2,2,4,3,4,3,2,4,2,2,4,4,3,4,2,4,4,2,3,4,4,4,4,4,4,4
2,10/27/2020 8:24:24,1,18,,2,"Facebook, LinkedIn, Youtube",1,1,0,1,0,0,0,0,0,,0,"Email address, Hometown/City, Mobile Number, Photos of you or your family",1,1,1,1,0,0,0,,Hourly,2,3.4,3.6,4.4,4.2,3.8,2,3,4,2,2,3,2,2,2,3,2,2,1,1,2,1,2,2,3,1,3,2,2,1,3,4
1,10/24/2020 17:34:44,2,18,ISI Banglore,3,"Facebook, Youtube, Instagram, Snapchat",1,0,0,1,1,0,0,0,1,,0,"Email address, Hometown/City, Mobile Number, Photos of you or your family",1,1,1,1,0,0,0,,Couple of Hours,3,3.4,3.6,3,2.2,3.2,3,2,2,2,4,2,3,3,2,2,3,2,3,3,4,5,2,5,4,3,3,4,2,3,2,4
3,10/25/2020 19:57:24,2,18,"Chitkara University, Punjab ",1,"Youtube, Instagram, Pinterest, Snapchat",0,0,0,1,1,1,0,0,1,,0,"Hometown/City, Photos of you or your family, Political views, Relationship status",0,1,0,1,1,1,0,,More than hourly,1,2.8,2.2,3.2,3.2,4.2,3,3,2,3,5,4,3,4,3,5,4,1,4,1,4,4,3,3,1,3,1,3,1,3,1,4
3,10/25/2020 21:42:26,2,18,IIIT Nagpur ,2,"Facebook, LinkedIn, Youtube, Instagram, Pinterest, Snapchat",1,1,0,1,1,1,0,0,1,,0,"Email address, Hometown/City, Mobile Number, Photos of you or your family",1,1,1,1,0,0,0,,Few times a day,4,1.8,1,1.2,2.4,3,4,4,4,5,4,5,5,5,5,5,5,5,5,5,4,3,2,5,5,3,3,2,2,4,4,4
1,10/24/2020 17:28:42,1,19,ISI Banglore,2,"Facebook, LinkedIn, Twitter, Youtube, Instagram, Reddit",1,1,1,1,1,0,0,1,0,,0,"Email address, Hometown/City, Mobile Number, Photos of you or your family",1,1,1,1,0,0,0,,Few times a day,4,3.2,4,3.4,3.6,2.8,4,3,2,2,3,1,2,1,3,3,3,2,3,2,3,4,4,1,2,1,1,4,4,4,3,4
1,10/24/2020 17:55:28,1,19,ISI Banglore,2,"Facebook, Twitter, Youtube, Instagram, Pinterest",1,0,1,1,1,1,0,0,0,,0,"Email address, Hometown/City, Mobile Number, Photos of you or your family",1,1,1,1,0,0,0,,Few times a day,4,4,3.2,3.8,3.6,3.6,3,1,1,3,2,3,3,3,2,3,2,3,2,2,2,2,2,2,3,3,3,2,2,3,2,4
1,10/24/2020 17:59:08,1,19,ISI Banglore,2,"Facebook, Twitter, Youtube, Instagram, Pinterest, Tumblr, Reddit",1,0,1,1,1,1,1,1,0,,0,"Email address, Hometown/City, Mobile Number, Photos of you or your family",1,1,1,1,0,0,0,,Few times a day,4,3.6,3.6,3.6,3.8,3.8,2,2,3,3,2,2,3,2,3,2,2,4,2,2,2,1,2,3,3,2,3,2,2,2,2,4
1,10/24/2020 18:52:22,1,19,ISI Banglore,2,"Facebook, LinkedIn, Twitter, Youtube, Instagram",1,1,1,1,1,0,0,0,0,,0,"Email address, Hometown/City, Photos of you or your family, Relationship Status",1,1,0,1,0,1,0,,Daily,5,3.8,3,3.8,3.2,4.2,2,2,2,3,2,4,3,2,4,2,2,3,2,2,2,2,3,4,3,2,2,2,2,2,1,4
1,10/24/2020 20:09:20,1,19,ISI Banglore,2,"LinkedIn, Twitter, Youtube, Instagram, Reddit",0,1,1,1,1,0,0,1,0,,0,"Email address, Hometown/City, Mobile Number, Photos of you or your family",1,1,1,1,0,0,0,,Hourly,2,3.2,3,3.8,3.4,3.4,3,2,2,3,4,3,3,4,2,3,3,3,1,1,3,2,3,2,4,2,4,3,3,1,2,4
1,10/24/2020 22:43:13,1,19,ISI Banglore,2,"Facebook, LinkedIn, Twitter, Youtube, Instagram, Pinterest, Reddit, Snapchat",1,1,1,1,1,1,0,1,1,,0,"Email address, Hometown/City, Mobile Number, Photos of you or your family",1,1,1,1,0,0,0,,Daily,5,3.6,3.4,4,3.2,3.8,2,2,2,3,3,3,3,3,2,2,2,2,2,2,2,1,5,3,3,2,2,2,2,2,3,4
2,10/25/2020 19:11:47,1,19,,2,"Facebook, LinkedIn, Youtube, Instagram, Snapchat",1,1,0,1,1,0,0,0,1,,0,"Email address, Hometown/City, Mobile Number, Photos of you or your family",1,1,1,1,0,0,0,,Daily,5,2.8,2.8,3.4,3.8,4.6,2,3,4,3,4,4,2,3,3,4,3,1,2,3,4,3,1,2,2,3,2,1,1,1,2,4
2,10/25/2020 19:51:18,1,19,,2,"Facebook, LinkedIn, Twitter, Youtube, Instagram, Snapchat",1,1,1,1,1,0,0,0,1,,0,"Email address, Hometown/City, Mobile Number, Photos of you or your family",1,1,1,1,0,0,0,,Hourly,2,2,2.2,2.6,1.8,2.4,4,3,5,3,5,5,3,4,3,4,4,4,4,1,4,5,2,5,4,5,2,5,2,5,4,4
2,10/25/2020 20:12:49,1,19,,2,"Facebook, Youtube, Instagram",1,0,0,1,1,0,0,0,0,,0,"Email address, Hometown/City, Mobile Number, Photos of you or your family",1,1,1,1,0,0,0,,More than hourly,1,3.2,2.2,3.8,3.4,3.8,2,2,2,5,3,3,4,4,4,4,2,3,2,2,2,2,4,2,3,2,2,3,3,2,1,4
3,10/25/2020 20:17:14,1,19,IIT Roorkee,2,"Facebook, Youtube, Instagram, Pinterest, Reddit",1,0,0,1,1,1,0,1,0,,0,"Email address, Hometown/City, Mobile Number, Sexual orientation",1,1,1,0,0,0,1,,Couple of Hours,3,3,2.8,3.8,3.4,4,3,3,5,3,1,3,5,5,1,2,1,4,1,3,2,1,3,3,5,1,3,1,3,1,2,4
3,10/25/2020 20:26:33,1,19,IIT - BBS,2,"Facebook, LinkedIn, Youtube, Instagram, Pinterest, Snapchat, Discord",1,1,0,1,1,1,0,0,1,Discord,0,"Email address, Hometown/City, Photos of you or your family, Sexual orientation",1,1,0,1,0,0,1,,Daily,5,3.2,3.6,3.6,3.4,2.8,3,2,3,2,4,2,2,3,2,3,3,3,2,2,2,2,4,2,3,2,3,4,4,2,3,4
3,10/25/2020 20:29:11,1,19,IIT-BBS,2,"Facebook, Youtube, Instagram, Pinterest, Snapchat, Discord",1,0,0,1,1,1,0,0,1,Discord,0,"Email address, Hometown/City, Photos of you or your family, Sexual orientation",1,1,0,1,0,0,1,,Daily,5,3.6,3.6,3.4,3,2.8,2,2,3,2,3,2,2,3,2,3,3,4,2,2,2,2,4,3,4,2,3,3,4,3,3,4
4,10/27/2020 22:57:10,1,19,VIT Bhopal University,2,"Facebook, LinkedIn, Youtube, Instagram, Reddit, Snapchat",1,1,0,1,1,0,0,1,1,,0,"Email address, Mobile Number, Photos of you or your family, Sexual orientation",1,0,1,1,0,0,1,,Hourly,2,2.8,3.8,3.6,3.2,4,4,3,4,3,2,2,2,3,2,2,3,4,1,3,1,1,3,2,3,2,2,1,3,2,2,4
1,10/24/2020 18:20:27,2,19,ISI Banglore,2,"Facebook, LinkedIn, Youtube, Instagram, Pinterest",1,1,0,1,1,1,0,0,0,,0,"Email address, Hometown/City, Mobile Number, Photos of you or your family",1,1,1,1,0,0,0,,Hourly,2,2.8,3.2,3.2,3,3.4,3,4,4,2,3,3,4,3,2,2,3,4,2,3,2,2,2,4,4,3,4,2,2,2,3,4
3,10/25/2020 20:34:19,2,19,NIFT Bhubaneshwar,2,"Facebook, LinkedIn, Youtube, Instagram, Pinterest",1,1,0,1,1,1,0,0,0,,0,"Email address, Hometown/City, Photos of you or your family, Sexual orientation",1,1,0,1,0,0,1,,Few times a day,4,2.4,2.8,2.8,2,3.4,4,4,4,3,3,4,4,4,1,3,2,4,2,4,4,4,5,4,4,3,3,2,3,2,3,4
3,10/25/2020 20:38:45,2,19,,1,"Youtube, Instagram, Pinterest",0,0,0,1,1,1,0,0,0,,0,"Email address, Mobile Number, Photos of you or your family, Political views",1,0,1,1,1,0,0,,Few times a day,4,2.4,2.6,1.6,1.6,2,4,3,4,3,4,4,2,3,4,4,4,4,5,4,5,5,4,5,4,4,4,3,4,5,4,4
3,10/25/2020 21:05:42,2,19,VIPS delhi,2,"Youtube, Instagram, Pinterest, Reddit, Snapchat",0,0,0,1,1,1,0,1,1,,0,"Email address, Mobile Number, Photos of you or your family, Political views",1,0,1,1,1,0,0,,Couple of Hours,3,3.6,3,3.6,3.4,4.4,2,2,3,4,1,4,5,3,1,2,2,3,3,2,2,2,4,2,3,2,2,1,3,1,1,4
4,10/28/2020 10:19:34,2,19,,2,"LinkedIn, Twitter, Youtube, Instagram, Pinterest, Tumblr, Reddit, Snapchat",0,1,1,1,1,1,1,1,1,,0,"Email address, Hometown/City, Mobile Number, Photos of you or your family",1,1,1,1,0,0,0,,Daily,5,3.4,3,3.2,3.4,3.4,3,2,3,2,3,3,4,3,2,3,2,3,2,3,2,2,3,3,3,2,3,2,3,2,3,4
2,10/25/2020 19:39:05,1,20,,2,"Facebook, LinkedIn, Youtube, Instagram, Pinterest",1,1,0,1,1,1,0,0,0,,0,"Email address, Hometown/City, Mobile Number, Photos of you or your family",1,1,1,1,0,0,0,,Couple of Hours,3,4,3.2,3.2,2.6,2.4,1,2,1,2,4,2,3,2,4,3,3,2,4,1,4,4,3,3,3,4,1,4,3,5,5,4
4,10/27/2020 23:04:53,1,20,IIT DELHI,2,"Facebook, LinkedIn, Twitter, Youtube, Instagram",1,1,1,1,1,0,0,0,0,,0,"Email address, Hometown/City, Photos of you or your family, Sexual orientation",1,1,0,1,0,0,1,,Monthly,7,2,2,1.6,1.6,2.4,4,4,5,3,4,3,4,5,4,4,5,4,5,3,4,3,2,4,3,4,4,4,2,4,4,4
2,10/25/2020 19:07:28,2,20,,3,"LinkedIn, Youtube, Instagram, Snapchat",0,1,0,1,1,0,0,0,1,,0,"Email address, Hometown/City, Mobile Number, Photos of you or your family",1,1,1,1,0,0,0,,Daily,5,3.6,3.6,2.2,1.2,1.8,1,3,1,3,4,1,2,2,5,2,3,4,4,4,4,4,5,5,5,5,4,4,5,4,4,4
2,10/25/2020 19:24:06,2,20,,2,"Youtube, Instagram, Pinterest, Reddit",0,0,0,1,1,1,0,1,0,,0,"Email address, Photos of you or your family, Political views, Relationship status",1,0,0,1,1,1,0,,More than hourly,1,2.4,2.2,3.8,3.8,3.2,4,3,4,4,3,4,4,5,2,4,2,2,1,4,2,2,2,2,3,2,4,2,2,4,2,4
3,10/25/2020 20:18:57,2,20,NIFT Bhubaneshwar,3,"Facebook, LinkedIn, Youtube, Instagram",1,1,0,1,1,0,0,0,0,,0,"Email address, Hometown/City, Photos of you or your family, Sexual orientation",1,1,0,1,0,0,1,,Daily,5,2.8,2.4,2.6,2.4,3.2,3,3,2,3,5,3,4,4,4,3,4,4,3,3,3,3,3,5,4,3,3,3,3,2,3,4
2,10/25/2020 21:48:00,2,20,,3,"Facebook, LinkedIn, Twitter, Youtube, Instagram, Snapchat",1,1,1,1,1,0,0,0,1,,0,"Email address, Hometown/City, Mobile Number, Photos of you or your family",1,1,1,1,0,0,0,,Daily,5,2.8,3.2,3,3,3,4,3,3,3,3,3,2,4,2,3,3,3,3,3,3,3,3,3,3,3,3,3,3,3,3,4
1,10/24/2020 17:47:19,2,24,ISI Banglore,5,"Facebook, LinkedIn, Twitter, Youtube, Instagram",1,1,1,1,1,0,0,0,0,,0,"Email address, Hometown/City, Mobile Number, Photos of you or your family",1,1,1,1,0,0,0,,Few times a day,4,1,1.8,2.6,2.4,2.6,5,5,5,5,5,5,4,5,3,4,5,3,3,2,4,5,3,3,5,2,2,3,4,4,4,4
2,10/25/2020 19:44:44,1,18,,2,"Facebook, LinkedIn, Youtube, Instagram, Reddit",1,1,0,1,1,0,0,1,0,,0,"Email address, Hometown/City, Mobile Number, Photos of you or your family, Sexual orientation",1,1,1,1,0,0,1,,Couple of Hours,3,2.6,2.4,2.6,2.8,2.8,3,4,3,4,3,3,4,3,4,4,4,2,4,3,4,4,2,4,2,4,2,4,2,4,4,5
3,10/25/2020 20:13:50,1,19,NIT Rourkela,2,"Facebook, LinkedIn, Twitter, Youtube, Instagram, Reddit, Snapchat",1,1,1,1,1,0,0,1,1,,0,"Email address, Hometown/City, Mobile Number, Photos of you or your family, Sexual orientation",1,1,1,1,0,0,1,,Daily,5,2,3.4,3.8,2.4,3,4,3,4,4,5,4,3,2,2,2,2,3,2,2,2,4,4,5,3,2,3,2,1,5,4,5
3,10/25/2020 20:18:32,1,19,IIIT Hyderabad,2,"Facebook, Twitter, Youtube, Instagram",1,0,1,1,1,0,0,0,0,,0,"Email address, Hometown/City, Mobile Number, Photos of you or your family, Sexual orientation",1,1,1,1,0,0,1,,Hourly,2,2.4,2.4,3.4,2.8,4,3,4,4,4,3,4,3,4,4,3,3,3,2,2,3,2,2,5,5,2,2,3,2,2,1,5
3,10/25/2020 21:17:23,1,19,VIT,2,"Facebook, LinkedIn, Twitter, Youtube, Instagram, Snapchat",1,1,1,1,1,0,0,0,1,,0,"Email address, Hometown/City, Mobile Number, Photos of you or your family, Political views",1,1,1,1,1,0,0,,More than hourly,1,4.2,4.2,4,3.4,5,3,2,1,2,1,3,2,1,1,2,2,2,2,2,2,2,5,2,3,1,1,1,1,1,1,5
3,10/25/2020 20:05:26,2,19,NIFT Bhubaneshwar,3,"Youtube, Instagram, Pinterest, Snapchat",0,0,0,1,1,1,0,0,1,,0,"Email address, Hometown/City, Mobile Number, Photos of you or your family, Sexual orientation",1,1,1,1,0,0,1,,More than hourly,1,3.6,3.2,3.4,3.8,3.4,2,3,2,2,3,2,4,2,3,3,3,2,2,4,2,1,3,3,2,2,3,2,3,3,2,5
3,10/25/2020 21:51:46,2,19,NIFT Bhubaneshwar,3,"Twitter, Youtube, Instagram, Pinterest",0,0,1,1,1,1,0,0,0,,0,"Email address, Hometown/City, Mobile Number, Photos of you or your family, Sexual orientation",1,1,1,1,0,0,1,,Couple of Hours,3,3,2,3,3.2,4.2,3,2,2,5,3,3,4,4,4,5,3,4,2,4,2,2,2,4,4,2,3,2,2,1,1,5
2,10/25/2020 20:40:49,1,20,,2,"Facebook, Youtube, Instagram",1,0,0,1,1,0,0,0,0,,0,"Email address, Hometown/City, Mobile Number, Photos of you or your family, Political views",1,1,1,1,1,0,0,,Couple of Hours,3,2.2,3,2.6,2.2,2.8,4,3,4,5,3,3,3,4,1,4,4,5,3,3,2,3,3,5,5,3,5,4,3,2,2,5
3,10/25/2020 20:55:00,1,20,VNIT Nagpur,3,"Facebook, LinkedIn, Twitter, Youtube, Instagram, Pinterest, Reddit",1,1,1,1,1,1,0,1,0,,0,"Email address, Hometown/City, Mobile Number, Photos of you or your family, Sexual orientation",1,1,1,1,0,0,1,,Weekly,6,2.2,2,3.8,4,3.6,5,4,4,4,2,4,4,4,4,4,2,4,1,3,1,1,4,1,3,1,4,1,3,2,2,5
3,10/25/2020 21:06:08,1,20,NIFT Bhubaneshwar,3,"Facebook, Twitter, Youtube, Instagram, Pinterest, Reddit, Snapchat",1,0,1,1,1,1,0,1,1,,0,"Email address, Hometown/City, Mobile Number, Photos of you or your family, Political views",1,1,1,1,1,0,0,,Weekly,6,2.6,3.2,3.6,3,3.2,3,4,3,3,4,3,3,3,2,3,3,3,2,2,2,3,4,3,3,2,3,3,2,3,3,5
2,10/25/2020 19:25:20,2,20,,3,"Facebook, LinkedIn, Youtube, Instagram, Pinterest, Reddit, Snapchat",1,1,0,1,1,1,0,1,1,,0,"Email address, Hometown/City, Photos of you or your family, Sexual orientation, Political views",1,1,0,1,1,0,1,,Hourly,2,1.6,1.4,2.8,2.6,2.6,5,5,5,4,3,5,5,5,4,4,5,1,5,2,3,2,4,5,2,4,2,5,2,4,4,5
3,10/25/2020 21:08:26,2,20,Navrachna university ,4,"LinkedIn, Youtube, Instagram, Pinterest, Snapchat",0,1,0,1,1,1,0,0,1,,0,"Email address, Hometown/City, Mobile Number, Photos of you or your family, Political views",1,1,1,1,1,0,0,,Few times a day,4,3,2.6,3.4,3,3.6,4,2,4,3,2,4,4,4,2,3,2,3,3,3,2,2,4,2,3,4,3,3,3,2,1,5
4,10/29/2020 22:07:07,2,20,NIFT Hyderabad ,3,"Facebook, Twitter, Youtube, Instagram, Pinterest, Snapchat",1,0,1,1,1,1,0,0,1,,0,"Hometown/City, Photos of you or your family, Sexual orientation, Political views, Relationship status",0,1,0,1,1,1,1,,Hourly,2,3.8,3.6,3.8,3.6,3.2,2,2,2,3,2,3,3,2,2,2,2,4,2,4,1,1,4,2,4,3,4,3,3,2,2,5
1,10/24/2020 17:38:00,1,21,ISI Banglore,2,"LinkedIn, Twitter, Youtube, Instagram, Pinterest, Tumblr, Reddit, Snapchat",0,1,1,1,1,1,1,1,1,,0,"Email address, Hometown/City, Political Views, Relationship Status, Sexual Orientation",1,1,0,0,1,1,1,,Few times a day,4,2,1.8,3.4,3.8,3,4,3,5,5,3,4,4,5,4,4,2,4,2,3,2,1,3,1,4,2,3,2,5,2,3,5
3,10/25/2020 22:41:11,1,21,NIFT Bhubaneshwar,3,"Facebook, Twitter, Youtube, Instagram",1,0,1,1,1,0,0,0,0,,0,"Email address, Hometown/City, Mobile Number, Photos of you or your family, Sexual orientation",1,1,1,1,0,0,1,,More than hourly,1,3.4,2.6,3,2.6,3,2,2,3,3,3,3,4,4,3,3,3,3,3,3,3,4,4,3,3,3,3,3,3,3,3,5
1,10/24/2020 19:08:06,1,22,ISI Banglore,3,"LinkedIn, Youtube, Instagram, Reddit",0,1,0,1,1,0,0,1,0,,0,"Email address, Hometown/City, Mobile Number, Photos of you or your family, Sexual Orientation",1,1,1,1,0,0,1,,Few times a day,4,2.4,2.8,3.4,2,3,4,4,5,3,2,4,3,4,2,3,2,3,3,3,2,4,4,5,5,2,4,3,4,1,3,5
3,10/25/2020 19:45:26,1,18,IIT Kanpur,2,"Facebook, LinkedIn, Twitter, Youtube, Instagram, Snapchat",1,1,1,1,1,0,0,0,1,,0,"Email address, Hometown/City, Mobile Number, Photos of you or your family, Sexual orientation, Relationship status",1,1,1,1,0,1,1,,Hourly,2,3.2,2.4,3,3.2,3,3,3,2,3,3,2,4,4,4,4,3,3,3,3,3,3,2,3,3,3,3,3,3,3,3,6
3,10/25/2020 20:12:04,1,20,NIFT Bhubaneshwar,3,"Facebook, LinkedIn, Twitter, Youtube, Instagram, Pinterest, Snapchat",1,1,1,1,1,1,0,0,1,,0,"Email address, Hometown/City, Mobile Number, Photos of you or your family, Sexual orientation, Relationship status",1,1,1,1,0,1,1,,Couple of Hours,3,2.4,3.2,2.6,2.4,2.4,3,4,3,4,4,3,2,4,3,2,3,4,3,3,4,4,4,3,4,3,4,3,4,4,3,6
1,10/24/2020 17:26:56,1,24,ISI Banglore,5,"Facebook, Twitter, Youtube, Instagram, Pinterest, Reddit, Snapchat",1,0,1,1,1,1,0,1,1,,0,"Email address, Hometown/City, Mobile Number, Photos of you or your family, Political Views, Relationship Status",1,1,1,1,1,1,0,,More than hourly,1,2.4,3,3,3.4,3.4,5,4,4,3,2,3,4,3,2,3,2,4,3,5,1,2,2,3,4,2,4,3,2,2,2,6
3,10/25/2020 19:44:08,2,18,"Fergusson College,Pune",1,"Facebook, LinkedIn, Twitter, Youtube, Instagram, Pinterest, Tumblr, Reddit, Snapchat",1,1,1,1,1,1,1,1,1,,0,"Email address, Hometown/City, Mobile Number, Photos of you or your family, Sexual orientation, Political views, Relationship status",1,1,1,1,1,1,1,,Daily,5,2.2,1.4,2.2,2.4,3,3,4,4,5,3,4,4,5,5,5,3,5,4,5,2,3,2,4,5,4,5,3,2,2,3,7
4,10/27/2020 22:16:55,1,19,IIT DELHI ,2,"Facebook, Youtube, Instagram, Snapchat",1,0,0,1,1,0,0,0,1,,0,"Email address, Hometown/City, Mobile Number, Photos of you or your family, Sexual orientation, Political views, Relationship status",1,1,1,1,1,1,1,,More than hourly,1,3.8,2.2,2.8,3,4,2,2,3,3,1,4,4,4,4,3,1,3,1,2,1,1,4,3,4,1,2,1,3,1,3,7
,,,,,,,,,,,,,,,,,,,,,,,,,,,,,,,,,,,,,,,,,,,,,,,,,,,,,,,,,,,
,,,,,,,,,,,,,,,,,,,,,,,,,,,,,2.880555556,,,,,,,,,,,,,,,,,,,,,,,,,,,,,,
,,,,,,,,,,,,,,,,,,,,,,,,,,,,,2.953191489,,,,,,,,,,,,,,,,,,,,,,,,,,,,,,
,,,,,,,,,,,,,,,,,,,,,,,,,,,,,,,,,,,,,,,,,,,,,,,,,,,,,,,,,,,
,,,19.36134454,,,,,,,,,,,,,,,,,,,,,,,,,,,,,,,,,,,,,,,,,,,,,,,,,,,,,,,,
